Aakenusjärvi:Aakenus^järvi ACCRA-plc ;
Ahomäki:Aho^mäki ACCRA-sur ;
Ahoniemi:Aho^niemi ACCRA-plc ;
Ahvenjärvi:Ahven^järvi ACCRA-plc ;
Ahvenlampi:Ahven^lampi ACCRA-plc ;
Ahvenniemi:Ahven^niemi ACCRA-plc ;
Aikioniemi:Aikio^niemi ACCRA-sur ;
Ainettijoki:Ainetti^joki ACCRA-plc ;
Aittamäki:Aitta^mäki ACCRA-plc ;
Aittomäki:Aitto^mäki ACCRA-sur ;
Aittoniemi:Aitto^niemi ACCRA-plc ;
Akujärvi:Aku^järvi ACCRA-sur ;
Alajoki:Ala^joki ACCRA-plc ;
Alajärvi:Ala^järvi ACCRA-plc ;
Alakoski:Ala^koski ACCRA-sur ;
Alamäki:Ala^mäki ACCRA-sur ;
Alaraudanjoki:Ala^raudan^joki ACCRA-sur ;
Alasaari:Ala^saari ACCRA-sur ;
Alasalmi:Ala^salmi ACCRA-sur ;
Alasuutari:Ala^suutari ACCRA-sur ;
Alikoski:Ali^koski ACCRA-sur ;
Almli:Alm^li ACCRA-sur ;
Altai:Alta DUBAI-plc ;
Anhui:Anhu DUBAI-plc ;
Arabygdi:Ara^bygdi ACCRA-plc ;
Arajärvi:Ara^järvi ACCRA-sur ;
Arbeiderparti:Arbeider^parti NYSTØ-org ;
Aromäki:Aro^mäki ACCRA-sur ;
Attaliai:Attali^a DUBAI-plc ;
Autioniemi:Autio^niemi ACCRA-plc ;
Avaskari:Avas^kari ACCRA-sur ;
Bakkaflói:Bakka^flói ACCRA-plc ;
Bakkeli:Bakke^li ACCRA-sur ;
Bangui:Bangu DUBAI-plc ;
Bergli:Berg^li ACCRA-sur ;
Bergsli:Bergs^li ACCRA-plc ;
Birkeli:Birke^li ACCRA-plc ;
Bjerkeli:Bjerke^li ACCRA-sur ;
Bjerkeli:Bjerke^li NYSTØ-sur ;
Bjerkli:Bjerk^li ACCRA-sur ;
Bjorli:Bjor^li ACCRA-plc ;
Bjåi:Bjå DUBAI-plc ;
Bjørkli:Bjørk^li ACCRA-sur ;
Bleikvassli:Bleik^vass^li ACCRA-plc ;
Blomli:Blom^li ACCRA-sur ;
Bolstadøyri:Bol^stad^øyri ACCRA-plc ;
Borsi:Borsi ACCRA-plc ;
Bratli:Brat^li ACCRA-sur ;
Bratteli:Bratte^li ACCRA-sur ;
Brattli:Bratt^li ACCRA-sur ;
Breidli:Breid^li ACCRA-plc ;
Brunei:Brune DUBAI-plc ;
Cagliari:Cagli^ari ACCRA-plc ;
Cambrai:Cambra DUBAI-plc ;
Charleroi:Charlero DUBAI-mal ;
Chinghai:Chingha DUBAI-plc ;
Christiani:Christi^ani ACCRA-sur ;
Ciskei:Ciske DUBAI-plc ;
Courtrai:Courtra DUBAI-plc ;
Dalai:Dala DUBAI-mal ;
Damiani:Dami^ani ACCRA-sur ;
Dei:De DUBAI-org ;
Delphoi:Delpho DUBAI-plc ;
Disraeli:Disra^eli ACCRA-obj ;
Dongbei:Dongbe DUBAI-plc ;
Dubai:Duba DUBAI-plc ;
Ekeli:Eke^li ACCRA-sur ;
Elomäki:Elo^mäki ACCRA-sur ;
Elvarli:Elvar^li ACCRA-plc ;
Enojärvi:Eno^järvi ACCRA-sur ;
Etelämäki:Etelä^mäki ACCRA-plc ;
Fagerli:Fager^li ACCRA-sur ;
Faxaflói:Faxa^flói ACCRA-plc ;
Fjærli:Fjær^li ACCRA-sur ;
Fløyrli:Fløyr^li ACCRA-plc ;
Fossli:Foss^li ACCRA-sur ;
Fukui:Fuku DUBAI-plc ;
Furuli:Furu^li ACCRA-sur ;
Försti:För^sti ACCRA-sur ;
Gasai:Gasa DUBAI-mal ;
Gianni:Gi^anni ACCRA-mal ;
Giovanni:Gi^ovanni ACCRA-mal ;
Granli:Gran^li ACCRA-sur ;
Groth-Lassinantti:Groth9-Lassinantti ACCRA-sur ;
Grønli:Grøn^li ACCRA-sur ;
Guangxi:Gu^angxi ACCRA-plc ;
Guardafui:Gu^ardafu DUBAI-plc ;
Haapakoski:Haapa^koski ACCRA-plc ;
Haapalahti:Haapa^lahti ACCRA-plc ;
Haapamäki:Haapa^mäki ACCRA-plc ;
Haapaniemi:Haapa^niemi ACCRA-plc ;
Haapasaari:Haapa^saari ACCRA-plc ;
Haapasalmi:Haapa^salmi ACCRA-plc ;
Haapsaari:Haap^saari ACCRA-plc ;
Haggai:Hagga DUBAI-plc ;
Hai:Ha DUBAI-plc ;
Haimilahti:Haimi^lahti ACCRA-sur ;
Hakalahti:Haka^lahti ACCRA-sur ;
Hakamäki:Haka^mäki ACCRA-plc ;
Hakomäki:Hako^mäki ACCRA-sur ;
Hakoniemi:Hako^niemi ACCRA-plc ;
Halkosaari:Halko^saari ACCRA-plc ;
Halmesmäki:Halmes^mäki ACCRA-sur ;
Haltiatunturi:Haltia^tunturi ACCRA-LOAN-plc ;
Hanhikoski:Hanhi^koski ACCRA-plc ;
Hanhimäki:Hanhi^mäki ACCRA-sur ;
Hankaniemi:Hanka^niemi ACCRA-plc ;
Hannuniemi:Hannu^niemi ACCRA-sur ;
Hanoi:Hano DUBAI-plc ;
Harjuniemi:Harju^niemi ACCRA-sur ;
Haugli:Haug^li ACCRA-sur ;
Haukijärvi:Hauki^järvi ACCRA-plc ;
Haukilahti:Hauki^lahti ACCRA-plc ;
Hautajärvi:Hauta^järvi ACCRA-plc ;
Hautakorpi:Hauta^korpi ACCRA-sur ;
Hautakoski:Hauta^koski ACCRA-plc ;
Hautalahti:Hauta^lahti ACCRA-sur ;
Hautamäki:Hauta^mäki ACCRA-sur ;
Hautaniemi:Hauta^niemi ACCRA-plc ;
Hebei:Hebe DUBAI-plc ;
Hefei:Hefe DUBAI-plc ;
Heggeli:Hegge^li ACCRA-plc ;
Heinikoski:Heini^koski ACCRA-sur ;
Heinimäki:Heini^mäki ACCRA-sur ;
Heinämäki:Heinä^mäki ACCRA-plc ;
Hernesniemi:Her^nes^niemi ACCRA-sur ;
Hernetkoski:Hernet^koski ACCRA-sur ;
Hevonkoski:Hevon^koski ACCRA-plc ;
Hietalahti:Hieta^lahti ACCRA-plc ;
Hietamäki:Hieta^mäki ACCRA-plc ;
Hietaniemi:Hieta^niemi ACCRA-plc ;
Hirsimäki:Hirsi^mäki ACCRA-plc ;
Hirvasniemi:Hirvas^niemi ACCRA-plc ;
Hirvijärvi:Hirvi^järvi ACCRA-plc ;
Hirvikoski:Hirvi^koski ACCRA-plc ;
Hirvilammi:Hirvi^lammi ACCRA-plc ;
Hirvimäki:Hirvi^mäki ACCRA-sur ;
Hirviniemi:Hirvi^niemi ACCRA-plc ;
Hofei:Hofe DUBAI-plc ;
Hollanti:Hol^lanti ACCRA-LOAN-plc ;
Holsti:Hol^sti ACCRA-sur ;
Honkamäki:Honka^mäki ACCRA-plc ;
Honkaniemi:Honka^niemi ACCRA-plc ;
Hopei:Hope DUBAI-plc ;
Hopiavuori:Hopia^vuori ACCRA-plc ;
Horvei:Horve DUBAI-plc ;
Hubei:Hube DUBAI-plc ;
Huhdanmäki:Huhdan^mäki ACCRA-plc ;
Huhmarniemi:Huhmar^niemi ACCRA-sur ;
Huhtamäki:Huhta^mäki ACCRA-plc ;
Huhtaniemi:Huhta^niemi ACCRA-plc ;
Huhtiniemi:Huhti^niemi ACCRA-plc ;
Humalajoki:Humala^joki ACCRA-plc ;
Humalamäki:Humala^mäki ACCRA-plc ;
Hunyadi:Hun^yadi ACCRA-org ;
Hupei:Hupe DUBAI-plc ;
Huusari:Huu^sari ACCRA-sur ;
Hwai:Hwa DUBAI-plc ;
Hämeenniemi:Hämeen^niemi ACCRA-plc ;
Høllesli:Hølles^li ACCRA-plc ;
Húnaflói:Húna^flói ACCRA-plc ;
Ihamäki:Iha^mäki ACCRA-sur ;
Ihanamäki:Ihana^mäki ACCRA-sur ;
Ilomäki:Ilo^mäki ACCRA-sur ;
Inarijoki:Inari^joki ACCRA-LOAN-plc ;
Inarijärvi:Inari^järvi ACCRA-LOAN-plc ;
Isai:I^sa DUBAI-mal ;
Isohanni:Iso^hanni ACCRA-sur ;
Isojärvi:Iso^järvi ACCRA-plc ;
Isokorpi:Iso^korpi ACCRA-sur ;
Isokoski:Iso^koski ACCRA-plc ;
Isomäki:Iso^mäki ACCRA-sur ;
Isoniemi:Iso^niemi ACCRA-plc ;
Isosaari:Iso^saari ACCRA-plc ;
Isosomppi:Iso^somppi ACCRA-sur ;
Ivalojoki:Ivalo^joki ACCRA-plc ;
Jaakonsaari:Jaakon^saari ACCRA-sur ;
Jakobsli:Jakobs^li ACCRA-plc ;
Jannai:Janna DUBAI-mal ;
Jiangxi:Ji^angxi ACCRA-plc ;
Joenpolvi:Joen^polvi ACCRA-sur ;
Jokimäki:Joki^mäki ACCRA-plc ;
Jokiniemi:Joki^niemi ACCRA-plc ;
Jokipii:Joki^pii DUBAI-sur ;
Jokisaari:Joki^saari ACCRA-sur ;
Jousmäki:Jous^mäki ACCRA-sur ;
Joutjärvi:Jout^järvi ACCRA-plc ;
Juopakoski:Juopa^koski ACCRA-plc ;
Juotasniemi:Juotas^niemi ACCRA-plc ;
Jupukkajärvi:Jupukka^järvi ACCRA-plc ;
Jussinniemi:Jussin^niemi ACCRA-sur ;
Juujärvi:Juu^järvi ACCRA-sur ;
Järvenmäki:Järven^mäki ACCRA-sur ;
Järvimäki:Järvi^mäki ACCRA-sur ;
Kai:Ka DUBAI-mal ;
Kaisanlahti:Kaisan^lahti ACCRA-sur ;
Kaitajärvi:Kaita^järvi ACCRA-plc ;
Kalajoki:Kala^joki ACCRA-plc ;
Kalattomajärvi:Kalattoma^järvi ACCRA-plc ;
Kalijärvi:Kali^järvi ACCRA-sur ;
Kalliojärvi:Kallio^järvi ACCRA-plc ;
Kalliokoski:Kallio^koski ACCRA-plc ;
Kalliomäki:Kallio^mäki ACCRA-plc ;
Kallioniemi:Kallio^niemi ACCRA-plc ;
Kalliosaari:Kallio^saari ACCRA-plc ;
Kallojärvi:Kallo^järvi ACCRA-plc ;
Kanai:Kana DUBAI-mal ;
Kangasmäki:Kangas^mäki ACCRA-sur ;
Kangasniemi:Kangas^niemi ACCRA-plc ;
Kangasvieri:Kangas^vieri ACCRA-sur ;
Kangosjärvi:Kangos^järvi ACCRA-plc ;
Kantojärvi:Kanto^järvi ACCRA-plc ;
Kantoniemi:Kanto^niemi ACCRA-sur ;
Karachai:Karacha DUBAI-plc ;
Karhulahti:Karhu^lahti ACCRA-plc ;
Karhumäki:Karhu^mäki ACCRA-plc ;
Karigasniemi:Karigas^niemi ACCRA-LOAN-plc ;
Karikoski:Kari^koski ACCRA-sur ;
Karimäki:Kari^mäki ACCRA-sur ;
Kariniemi:Kari^niemi ACCRA-plc ;
Karjanlahti:Karjan^lahti ACCRA-plc ;
Karkulahti:Karku^lahti ACCRA-sur ;
Kasai:Kasa DUBAI-sur ;
Katajamäki:Kataja^mäki ACCRA-plc ;
Katmai:Katma DUBAI-mal ;
Kattilakoski:Kattila^koski ACCRA-plc ;
Kauai:Kau^a DUBAI-plc ;
Kauhajoki:Kauha^joki ACCRA-plc ;
Kaunismäki:Kaunis^mäki ACCRA-plc ;
Kauramäki:Kaura^mäki ACCRA-sur ;
Keimiöjärvi:Keimiö^järvi ACCRA-plc ;
Keimiöjärvi:Keimiö^järvi ACCRA-plc ;
Kellokoski:Kello^koski ACCRA-plc ;
Kelloniemi:Kello^niemi ACCRA-plc ;
Kelojärvi:Kelo^järvi ACCRA-plc ;
Keltamäki:Kelta^mäki ACCRA-sur ;
Kenkreai:Kenkrea DUBAI-plc ;
Keskimäki:Keski^mäki ACCRA-plc ;
Kesälahti:Kesä^lahti ACCRA-plc ;
Kesäniemi:Kesä^niemi ACCRA-sur ;
Kesänkijärvi:Kesänki^järvi ACCRA-plc ;
Ketomäki:Keto^mäki ACCRA-sur ;
Khoi:Kho DUBAI-org ;
Kiangsi:Ki^angsi ACCRA-plc ;
Kiasvordiijärvi:Ki^asvordii^järvi ACCRA-plc ;
Kilbijärvi:Kilbi^järvi ACCRA-plc ;
Kilpijärvi:Kilpi^järvi ACCRA-plc ;
Kilpisjärvi:Kilpis^järvi ACCRA-LOAN-plc ;
Kimpimäki:Kimpi^mäki ACCRA-sur ;
Kinisjärvi:Kinis^järvi ACCRA-plc ;
Kiparijoki:Kipari^joki ACCRA-plc ;
Kirkkojärvi:Kirkko^järvi ACCRA-plc ;
Kirvesmäki:Kirves^mäki ACCRA-sur ;
Kirvesniemi:Kirves^niemi ACCRA-sur ;
Kivijärvi:Kivi^järvi ACCRA-plc ;
Kivikoski:Kivi^koski ACCRA-plc ;
Kivilahti:Kivi^lahti ACCRA-plc ;
Kivimäki:Kivi^mäki ACCRA-plc ;
Kiviniemi:Kivi^niemi ACCRA-plc ;
Kivisaari:Kivi^saari ACCRA-plc ;
Kivivuori:Kivi^vuori ACCRA-sur ;
Kohtamäki:Kohta^mäki ACCRA-sur ;
Koivukoski:Koivu^koski ACCRA-sur ;
Koivulahti:Koivu^lahti ACCRA-plc ;
Koivumäki:Koivu^mäki ACCRA-plc ;
Koivuniemi:Koivu^niemi ACCRA-plc ;
Koivusaari:Koivu^saari ACCRA-plc ;
Kokkoniemi:Kokko^niemi ACCRA-sur ;
Kolosjoki:Kolos^joki ACCRA-plc ;
Kolossai:Kolossa DUBAI-plc ;
Konttaniemi:Kontta^niemi ACCRA-sur ;
Korkeakoski:Korkea^koski ACCRA-plc ;
Korkeamäki:Korkea^mäki ACCRA-plc ;
Korkeaniemi:Korkea^niemi ACCRA-sur ;
Korkiakoski:Korkia^koski ACCRA-plc ;
Korpijärvi:Korpi^järvi ACCRA-plc ;
Korpikoski:Korpi^koski ACCRA-plc ;
Korpilahti:Korpi^lahti ACCRA-plc ;
Korpimäki:Korpi^mäki ACCRA-plc ;
Korpisaari:Korpi^saari ACCRA-sur ;
Kortejärvi:Korte^järvi ACCRA-plc ;
Kortelahti:Korte^lahti ACCRA-plc ;
Korteniemi:Korte^niemi ACCRA-plc ;
Kortesalmi:Korte^salmi ACCRA-plc ;
Kortesmäki:Kortes^mäki ACCRA-sur ;
Kortesniemi:Kortes^niemi ACCRA-sur ;
Kortetjärvi:Kortet^järvi ACCRA-sur ;
Korttojärvi:Kortto^järvi ACCRA-plc ;
Koskenmäki:Kosken^mäki ACCRA-plc ;
Koskenniemi:Kosken^niemi ACCRA-plc ;
Koskimäki:Koski^mäki ACCRA-plc ;
Koskiniemi:Koski^niemi ACCRA-sur ;
Koskivuori:Koski^vuori ACCRA-sur ;
Kosmoli:Kosmo^li ACCRA-plc ;
Kotajärvi:Kota^järvi ACCRA-plc ;
Kotamäki:Kota^mäki ACCRA-plc ;
Kotimäki:Koti^mäki ACCRA-plc ;
Kotiniemi:Koti^niemi ACCRA-plc ;
Kotisaari:Koti^saari ACCRA-plc ;
Kublai:Kubla DUBAI-mal ;
Kudjoi:Kudjo DUBAI-plc ;
Kuittijärvi:Kuitti^järvi ACCRA-plc ;
Kuivamäki:Kuiva^mäki ACCRA-sur ;
Kuivaniemi:Kuiva^niemi ACCRA-plc ;
Kuivasalmi:Kuiva^salmi ACCRA-plc ;
Kujamäki:Kuja^mäki ACCRA-sur ;
Kukkamäki:Kukka^mäki ACCRA-sur ;
Kulkompani:Kul^kompani ACCRA-org ;
Kultahovi:Kulta^hovi ACCRA-obj ;
Kultalahti:Kulta^lahti ACCRA-sur ;
Kumajri:Kumaj9ri ACCRA-plc ;
Kumpumäki:Kumpu^mäki ACCRA-plc ;
Kumpuniemi:Kumpu^niemi ACCRA-sur ;
Kuoppamäki:Kuoppa^mäki ACCRA-sur ;
Kuorelahti:Kuore^lahti ACCRA-sur ;
Kuorikoski:Kuori^koski ACCRA-sur ;
Kurunsaari:Kurun^saari ACCRA-sur ;
Kuukasjärvi:Kuukas^järvi ACCRA-plc ;
Kuusijärvi:Kuusi^järvi ACCRA-plc ;
Kuusikoski:Kuusi^koski ACCRA-sur ;
Kuusimäki:Kuusi^mäki ACCRA-plc ;
Kuusiniemi:Kuusi^niemi ACCRA-plc ;
Kuusisaari:Kuusi^saari ACCRA-plc ;
Kuusjärvi:Kuus^järvi ACCRA-plc ;
Kuuskoski:Kuus^koski ACCRA-plc ;
Kuusniemi:Kuus^niemi ACCRA-sur ;
Kweisui:Kweisu DUBAI-plc ;
Kylmäniemi:Kylmä^niemi ACCRA-sur ;
Kynsijärvi:Kynsi^järvi ACCRA-plc ;
Kyrönlahti:Kyrön^lahti ACCRA-plc ;
Kytömäki:Kytö^mäki ACCRA-plc ;
Känsäkoski:Känsä^koski ACCRA-sur ;
Kärenlampi:Kären^lampi ACCRA-sur ;
Kärmeniemi:Kärme^niemi ACCRA-plc ;
Lahai:Lahaj LONDON-plc ;
Lahdenmäki:Lahden^mäki ACCRA-sur ;
Lahnalampi:Lahna^lampi ACCRA-plc ;
Lai:La DUBAI-mal ;
Laitakari:Laita^kari ACCRA-sur ;
Laitamäki:Laita^mäki ACCRA-sur ;
Lakaniemi:Laka^niemi ACCRA-plc ;
Lammassaari:Lammas^saari ACCRA-plc ;
Lamminmäki:Lammin^mäki ACCRA-sur ;
Lampimäki:Lampi^mäki ACCRA-sur ;
Langli:Lang^li ACCRA-sur ;
Lapinlampi:Lapin^lampi ACCRA-plc ;
Lapiolahti:Lapio^lahti ACCRA-sur ;
Lasai:Lasa DUBAI-plc ;
Latomäki:Lato^mäki ACCRA-plc ;
Latvajärvi:Latva^järvi ACCRA-plc ;
Latvakoski:Latva^koski ACCRA-sur ;
Lautamäki:Lauta^mäki ACCRA-sur ;
Lehmuskoski:Lehmus^koski ACCRA-sur ;
Lehmussaari:Lehmus^saari ACCRA-plc ;
Lehmusvuori:Lehmus^vuori ACCRA-sur ;
Lehtimäki:Lehti^mäki ACCRA-plc ;
Lehtiniemi:Lehti^niemi ACCRA-plc ;
Lehtisaari:Lehti^saari ACCRA-plc ;
Lehtomäki:Lehto^mäki ACCRA-sur ;
Lehtoniemi:Lehto^niemi ACCRA-plc ;
Lehtosaari:Lehto^saari ACCRA-sur ;
Lehtovuori:Lehto^vuori ACCRA-sur ;
Lempi:Lempi ACCRA-mal ;
Lepomäki:Lepo^mäki ACCRA-sur ;
Leponiemi:Lepo^niemi ACCRA-plc ;
Leppiniemi:Leppi^niemi ACCRA-plc ;
Leppäjärvi:Leppä^järvi ACCRA-plc ;
Leppäkorpi:Leppä^korpi ACCRA-plc ;
Leppäkoski:Leppä^koski ACCRA-plc ;
Leppälahti:Leppä^lahti ACCRA-plc ;
Leppämäki:Leppä^mäki ACCRA-plc ;
Leppäniemi:Leppä^niemi ACCRA-plc ;
Leppävuori:Leppä^vuori ACCRA-sur ;
Levomäki:Levo^mäki ACCRA-sur ;
Leväniemi:Levä^niemi ACCRA-sur ;
Linjamäki:Linja^mäki ACCRA-plc ;
Linnanmäki:Linnan^mäki ACCRA-plc ;
Lintulahti:Lintu^lahti ACCRA-plc ;
Lintumäki:Lintu^mäki ACCRA-sur ;
Lohikoski:Lohi^koski ACCRA-plc ;
Lohilahti:Lohi^lahti ACCRA-plc ;
Louhivuori:Louhi^vuori ACCRA-sur ;
Loukasmäki:Loukas^mäki ACCRA-plc ;
Lumijärvi:Lumi^järvi ACCRA-sur ;
Lumisalmi:Lumi^salmi ACCRA-sur ;
Luomajoki:Luoma^joki ACCRA-sur ;
Luongastunturi:Luongas^tunturi ACCRA-plc ;
Luosujärvi:Luosu^järvi ACCRA-sur ;
Luotokorpi:Luoto^korpi ACCRA-sur ;
Luttojoki:Lutto^joki ACCRA-plc ;
Lähdekorpi:Lähde^korpi ACCRA-plc ;
Lähdemäki:Lähde^mäki ACCRA-sur ;
Lähdeniemi:Lähde^niemi ACCRA-sur ;
Lähdesmäki:Lähdes^mäki ACCRA-sur ;
Lähteenmäki:Lähteen^mäki ACCRA-sur ;
Länsimäki:Länsi^mäki ACCRA-plc ;
Lærdalsøyri:Lær^dals^øyri ACCRA-plc ;
Løvli:Løv^li ACCRA-sur ;
Maarthai:Maartha DUBAI-sur ;Ill. seems to be Maarthaijii.
Machiavelli:Machi^avelli ACCRA-sur ;
Madai:Madaj LONDON-plc ;
Madurai:Madura DUBAI-plc ;
Mahlamäki:Mahla^mäki ACCRA-sur ;
Mai:Ma DUBAI-fem ;
Majalahti:Maja^lahti ACCRA-plc ;
Majamäki:Maja^mäki ACCRA-plc ;
Majaniemi:Maja^niemi ACCRA-plc ;
Majuri:Majuri ACCRA-sur ;
Maliniemi:Mali^niemi ACCRA-sur ;
Malkamäki:Malka^mäki ACCRA-sur ;
Mansikkamäki:Mansikka^mäki ACCRA-sur ;
Marjamäki:Marja^mäki ACCRA-plc ;
Marjaniemi:Marja^niemi ACCRA-plc ;
Marjomäki:Marjo^mäki ACCRA-sur ;
Marjoniemi:Marjo^niemi ACCRA-plc ;
Markkinajärvi:Markkina^järvi ACCRA-plc ;
Martinkauppi:Martin^kauppi ACCRA-sur ;
Martinmäki:Martin^mäki ACCRA-plc ;
Mastomäki:Masto^mäki ACCRA-sur ;
Matalamäki:Matala^mäki ACCRA-sur ;
Matinlassi:Matin^lassi ACCRA-sur ;
Matomäki:Mato^mäki ACCRA-plc ;
Maunumäki:Maunu^mäki ACCRA-plc ;
Mbuji-Mayi:Mbuji-Ma^yi ACCRA-plc ;
Mentyjärvi:Menty^järvi ACCRA-sur ;
Merikoski:Meri^koski ACCRA-plc ;
Merisaari:Meri^saari ACCRA-sur ;
Merkkiniemi:Merkki^niemi ACCRA-sur ;
Mertaniemi:Merta^niemi ACCRA-sur ;
Metsämäki:Metsä^mäki ACCRA-plc ;
Miami:Mi^ami ACCRA-plc ;
Miilumäki:Miilu^mäki ACCRA-plc ;
Miyazaki:Mi^yazaki ACCRA-plc ;
Modalsli:Mo^dals^li ACCRA-plc ;
Moi:Mo DUBAI-sur ;
Molokai:Moloka DUBAI-plc ;
Morfei:Morfe DUBAI-plc ;
Mourujärvi:Mouru^järvi ACCRA-sur ;
Multamäki:Multa^mäki ACCRA-plc ;
Muonionjoki:Muoni^on^joki ACCRA-LOAN-plc ;
Muotkajärvi:Muotka^järvi ACCRA-plc ;FIN
Murtomäki:Murto^mäki ACCRA-plc ;
Murtoniemi:Murto^niemi ACCRA-sur ;
Mustajoki:Musta^joki ACCRA-plc ;
Mustajärvi:Musta^järvi ACCRA-plc ;
Mustalahti:Musta^lahti ACCRA-plc ;
Mustamäki:Musta^mäki ACCRA-plc ;
Mustaniemi:Musta^niemi ACCRA-sur ;
Muuriaisniemi:Muuri^ais^niemi ACCRA-sur ;
Muurimäki:Muuri^mäki ACCRA-sur ;
Myllyjoki:Mylly^joki ACCRA-plc ;
Myllykoski:Mylly^koski ACCRA-plc ;
Myllylahti:Mylly^lahti ACCRA-sur ;
Myllymäki:Mylly^mäki ACCRA-plc ;
Myllyniemi:Mylly^niemi ACCRA-plc ;
Myrai:Myra DUBAI-plc ;
!Máhttei:Máhtte DUBAI-mal ;Finnes dette navnet? Lager en trasig homonymi
Mäkimartti:Mäki^martti ACCRA-sur ;
Mäkiniemi:Mäki^niemi ACCRA-sur ;
Mäntykoski:Mänty^koski ACCRA-plc ;
Mäntymäki:Mänty^mäki ACCRA-plc ;
Mäntyniemi:Mänty^niemi ACCRA-plc ;
Mäntysaari:Mänty^saari ACCRA-plc ;
Naggai:Nagga DUBAI-plc ;
Ndaskoi:Ndasko DUBAI-sur ;
Nerli:Ner^li ACCRA-sur ;
Nervei:Ner^ve DUBAI-plc ;
Nicolai:Nicola DUBAI-mal ;
Niemimäki:Niemi^mäki ACCRA-sur ;
Niinikoski:Niini^koski ACCRA-plc ;
Niinimäki:Niini^mäki ACCRA-sur ;
Niittymäki:Niitty^mäki ACCRA-sur ;
Nikolai:Nikola DUBAI-mal ;
Niskakoski:Niska^koski ACCRA-sur ;
Niskasaari:Niska^saari ACCRA-sur ;
Nonsrichai:Nonsricha DUBAI-sur ;
Nordli:Nord^li ACCRA-sur ;
Norli:Nor^li ACCRA-sur ;
Nousuniemi:Nousu^niemi ACCRA-sur ;
Nurmenniemi:Nurmen^niemi ACCRA-sur ;
Nurmesniemi:Nurmes^niemi ACCRA-plc ;
Nuulankijärvi:Nuulanki^järvi ACCRA-plc ;
Nymfai:Nymfa DUBAI-plc ;
Näkkäläjärvi:Näkkälä^järvi ACCRA-sur ;
Ojajärvi:Oja^järvi ACCRA-plc ;
Ojakoski:Oja^koski ACCRA-sur ;
Ojamäki:Oja^mäki ACCRA-sur ;
Ojaniemi:Oja^niemi ACCRA-sur ;
Olai:Ola DUBAI-mal ;
Orajärvi:Ora^järvi ACCRA-plc ;
Oravasaari:Orava^saari ACCRA-plc ;
Otterlei:Otterle DUBAI-plc ;
Oulujoki:Oulu^joki ACCRA-plc ;
Outakoski:Outa^koski ACCRA-sur ;
Paavisjärvi:Paavis^järvi ACCRA-plc ;
Paavosaari:Paavo^saari ACCRA-plc ;
Pajamäki:Paja^mäki ACCRA-plc ;
Pajari:Pajari ACCRA-sur ;
Pajukoski:Paju^koski ACCRA-sur ;
Pajulahti:Paju^lahti ACCRA-plc ;
Pajumäki:Paju^mäki ACCRA-plc ;
Pajuniemi:Paju^niemi ACCRA-plc ;
Pakanajoki:Pakana^joki ACCRA-plc ;
Pakanjoki:Pakan^joki ACCRA-plc ;
Paksuniemi:Paksu^niemi ACCRA-sur ;
Palojoki:Palo^joki ACCRA-plc ;
Palojärvi:Palo^järvi ACCRA-sur ;
Palomäki:Palo^mäki ACCRA-sur ;
Paloniemi:Palo^niemi ACCRA-plc ;
Paloposki:Palo^poski ACCRA-sur ;
Palosaari:Palo^saari ACCRA-plc ;
Papinniemi:Papin^niemi ACCRA-plc ;
Parkkisenniemi:Parkkisen^niemi ACCRA-sur ;
Partapuoli:Parta^puoli ACCRA-sur ;
Patarai:Patara DUBAI-plc ;
Patokoski:Pato^koski ACCRA-plc ;
Patosalmi:Pato^salmi ACCRA-sur ;
Patsjoki:Pats^joki ACCRA-plc ;
Paulamäki:Paula^mäki ACCRA-sur ;
Paulasaari:Paula^saari ACCRA-sur ;
Peldojärvi:Peldo^järvi ACCRA-plc ;
Pellijoki:Pelli^joki ACCRA-plc ;
Peltokorpi:Pelto^korpi ACCRA-sur ;
Peltokoski:Pelto^koski ACCRA-plc ;
Peltomäki:Pelto^mäki ACCRA-plc ;
Peltoniemi:Pelto^niemi ACCRA-sur ;
Pentinmäki:Pentin^mäki ACCRA-plc ;
Perkiömäki:Perkiö^mäki ACCRA-plc ;
Peräkorpi:Perä^korpi ACCRA-sur ;
Perämäki:Perä^mäki ACCRA-plc ;
Petäjäjärvi:Petäjä^järvi ACCRA-sur ;
Petäjämäki:Petäjä^mäki ACCRA-plc ;
Petäjäniemi:Petäjä^niemi ACCRA-sur ;
Peuraniemi:Peura^niemi ACCRA-sur ;
Pieksämäki:Pieksä^mäki ACCRA-plc ;
Pienimäki:Pieni^mäki ACCRA-sur ;
Pieniniemi:Pieni^niemi ACCRA-sur ;
Pihlajamäki:Pihlaja^mäki ACCRA-plc ;
Pihlajaniemi:Pihlaja^niemi ACCRA-plc ;
Piittisjärvi:Piittis^järvi ACCRA-plc ;
Pinomäki:Pino^mäki ACCRA-plc ;
Pirttijärvi:Pirtti^järvi ACCRA-plc ;
Pirttikoski:Pirtti^koski ACCRA-plc ;
Pirttilahti:Pirtti^lahti ACCRA-plc ;
Pirttimäki:Pirtti^mäki ACCRA-plc ;
Pirttiniemi:Pirtti^niemi ACCRA-plc ;
Pitkäjärvi:Pitkä^järvi ACCRA-plc ;
Pitkäkoski:Pitkä^koski ACCRA-plc ;
Pitkämäki:Pitkä^mäki ACCRA-plc ;
Pitkäniemi:Pitkä^niemi ACCRA-plc ;
Ploiesti:Plo^iesti ACCRA-plc ;
Pohai:Poha DUBAI-plc ;
Pohnpei:Pohnpe DUBAI-plc ;
Poikajärvi:Poika^järvi ACCRA-sur ;
Poikkimäki:Poikki^mäki ACCRA-sur ;
Polojärvi:Polo^järvi ACCRA-sur ;
Porrassalmi:Porras^salmi ACCRA-plc ;
Porttipantti:Portti^pantti ACCRA-sur ;
PrillarGuri:Prillar^Guri ACCRA-fem ;
Puolamäki:Puola^mäki ACCRA-sur ;
Puoliväli:Puoli^väli ACCRA-plc ;
Puotiniemi:Puoti^niemi ACCRA-plc ;
Puusaari:Puu^saari ACCRA-sur ;
Pyhäjärvi:Pyhä^järvi ACCRA-plc ;
Pyhäjärvi:Pyhä^järvi ACCRA-plc ;
Pyymäki:Pyy^mäki ACCRA-sur ;
Päiväniemi:Päivä^niemi ACCRA-plc ;
Pääjärvi:Pää^järvi ACCRA-plc ;
Qinghai:Qingha DUBAI-plc ;
Rajalahti:Raja^lahti ACCRA-plc ;
Rajamäki:Raja^mäki ACCRA-plc ;
Rajaniemi:Raja^niemi ACCRA-plc ;
Rantakari:Ranta^kari ACCRA-sur ;
Rantamäki:Ranta^mäki ACCRA-sur ;
Rantaniemi:Ranta^niemi ACCRA-sur ;
Rasinmäki:Rasin^mäki ACCRA-plc ;
Raudaskoski:Raudas^koski ACCRA-sur ;
Rauhamäki:Rauha^mäki ACCRA-sur ;
Rauhaniemi:Rauha^niemi ACCRA-plc ;
Rautajoki:Rauta^joki ACCRA-sur ;
Rautakorpi:Rauta^korpi ACCRA-plc ;
Rautakoski:Rauta^koski ACCRA-sur ;
Rautamäki:Rauta^mäki ACCRA-sur ;
Rautavuori:Rauta^vuori ACCRA-sur ;
Rautjärvi:Raut^järvi ACCRA-plc ;
Rauvoskoski:Rauvos^koski ACCRA-plc ;
Reinslakteri:Rein^slakteri ACCRA-org ;
Rigasjärvi:Rigas^järvi ACCRA-plc ;
Riihijärvi:Riihi^järvi ACCRA-plc ;
Riihimäki:Riihi^mäki ACCRA-plc ;
Rinnemäki:Rinne^mäki ACCRA-plc ;
Rintakoski:Rinta^koski ACCRA-sur ;
Rintamäki:Rinta^mäki ACCRA-sur ;
Rintaniemi:Rinta^niemi ACCRA-sur ;
Ristimäki:Risti^mäki ACCRA-sur ;
Ristiniemi:Risti^niemi ACCRA-plc ;
Ritamäki:Rita^mäki ACCRA-plc ;
Rognli:Rogn^li ACCRA-sur ;
Roi:Ro DUBAI-mal ;
Romakkaniemi:Romakka^niemi ACCRA-sur ;
Rovaniemi:Rova^niemi ACCRA-LOAN-plc ;
Ruismäki:Ruis^mäki ACCRA-sur ;
Rukojärvi:Ruko^järvi ACCRA-plc ;
Rullahuuli:Rulla^huuli ACCRA-ani ;
Ruohomäki:Ruoho^mäki ACCRA-sur ;
Ruohoniemi:Ruoho^niemi ACCRA-sur ;
Ruokoniemi:Ruoko^niemi ACCRA-plc ;
Ruonakoski:Ruona^koski ACCRA-sur ;
Ruonaniemi:Ruona^niemi ACCRA-sur ;
Ruusumaa-Altti:Ruusu^maa-Altti ACCRA-sur ;
Ruusuvuori:Ruusu^vuori ACCRA-sur ;
Rytilahti:Ryti^lahti ACCRA-plc ;
Saamifilmi:Saami^filmi ACCRA-org ;
Saarijärvi:Saari^järvi ACCRA-plc ;
Saarikivi:Saari^kivi ACCRA-sur ;
Saarikoski:Saari^koski ACCRA-sur ;
Saarilahti:Saari^lahti ACCRA-sur ;
Saarimäki:Saari^mäki ACCRA-sur ;
Saariniemi:Saari^niemi ACCRA-sur ;
Salimäki:Sali^mäki ACCRA-plc ;
Salmijärvi:Salmi^järvi ACCRA-plc ;
Salmikivi:Salmi^kivi ACCRA-sur ;
Salmivuori:Salmi^vuori ACCRA-sur ;
Salojärvi:Salo^järvi ACCRA-sur ;
Salokoski:Salo^koski ACCRA-sur ;
Salomäki:Salo^mäki ACCRA-sur ;
Saloniemi:Salo^niemi ACCRA-sur ;
Salonsaari:Salon^saari ACCRA-plc ;
Samlingsparti:Samlings^parti ACCRA-org ;
Sammallahti:Sammal^lahti ACCRA-sur ;
Sandli:Sand^li ACCRA-sur ;
Sankilampi:Sanki^lampi ACCRA-sur ;
Santalahti:Santa^lahti ACCRA-plc ;
Santavuori:Santa^vuori ACCRA-sur ;
Sarajärvi:Sara^järvi ACCRA-plc ;
Saramäki:Sara^mäki ACCRA-sur ;
Sarvijärvi:Sarvi^järvi ACCRA-plc ;
Sattajärvi:Satta^järvi ACCRA-plc ;
Sattasniemi:Sattas^niemi ACCRA-plc ;
Saukkoriipi:Saukko^riipi ACCRA-sur ;
Saunamäki:Sauna^mäki ACCRA-sur ;
Savikurki:Savi^kurki ACCRA-sur ;
Savilahti:Savi^lahti ACCRA-plc ;
Savilampi:Savi^lampi ACCRA-plc ;
Savimäki:Savi^mäki ACCRA-sur ;
Saviniemi:Savi^niemi ACCRA-plc ;
Savukoski:Savu^koski ACCRA-plc ;
Schei:Sche DUBAI-sur ;
Sergei:Serge DUBAI-mal ;
Seurajärvi:Seura^järvi ACCRA-sur ;
Seurjärvi:Seur^järvi ACCRA-plc ;
Seurujärvi:Seuru^järvi ACCRA-sur ;
Shanghai:Shangha DUBAI-plc ;
Sijti:Sij9ti ACCRA-org ;XXX Possible???
Siljamäki:Silja^mäki ACCRA-sur ;
Sillanmäki:Sillan^mäki ACCRA-sur ;
Siltakoski:Silta^koski ACCRA-plc ;
Simojoki:Simo^joki ACCRA-plc ;
Sinivuori:Sini^vuori ACCRA-plc ;
Sjøli:Sjø^li ACCRA-sur ;
Skei:Ske DUBAI-sur ;
Skogli:Skog^li ACCRA-sur ;
Skålestrandi:Skåle^strandi ACCRA-plc ;
Slettli:Slett^li ACCRA-sur ;
Solli:Sol^li ACCRA-sur ;
Solvi:Sol^vi ACCRA-sur ;
Somasjärvi:Somas^järvi ACCRA-plc ;
Songhai:Songha DUBAI-plc ;
Sotaniemi:Sota^niemi ACCRA-sur ;
Sotkajärvi:Sotka^järvi ACCRA-sur ;
Soudunsaari:Soudun^saari ACCRA-sur ;
Spolgijärvi:Spolgi^järvi ACCRA-plc ;
Stai:Sta DUBAI-sur ;
Steinli:Stein^li ACCRA-sur ;
Stensli:Stens^li ACCRA-plc ;
Storforshei:Stor^fors^he DUBAI-plc ;
Storli:Stor^li ACCRA-sur ;
Sukhothai:Sukhotha DUBAI-plc ;
Sulasalmi:Sula^salmi ACCRA-sur ;
Sulkakoski:Sulka^koski ACCRA-sur ;
Sundli:Sund^li ACCRA-sur ;
Suojoki:Suo^joki ACCRA-plc ;
Suojärvi:Suo^järvi ACCRA-plc ;
Suomäki:Suo^mäki ACCRA-sur ;
Suoniemi:Suo^niemi ACCRA-plc ;
Suopajärvi:Suopa^järvi ACCRA-sur ;
Suoraniemi:Suora^niemi ACCRA-plc ;
Suuriniemi:Suuri^niemi ACCRA-sur ;
Suursalmi:Suur^salmi ACCRA-plc ;
Syrjämäki:Syrjä^mäki ACCRA-sur ;
Syväjärvi:Syvä^järvi ACCRA-plc ;
Syvälahti:Syvä^lahti ACCRA-plc ;
Syväniemi:Syvä^niemi ACCRA-plc ;
Särkijärvi:Särki^järvi ACCRA-plc ;
Särkilahti:Särki^lahti ACCRA-plc ;
Särkiniemi:Särki^niemi ACCRA-plc ;
Säynäjoki:Säynä^joki ACCRA-sur ;
Sääskilahti:Sääski^lahti ACCRA-sur ;
Sørli:Sør^li ACCRA-sur ;
Søvassli:Sø^vass^li ACCRA-plc ;
Tai:Ta DUBAI-sur ;
Taipaleenmäki:Taipaleen^mäki ACCRA-sur ;
Taipei:Taipe DUBAI-plc ;
Taivalantti:Taiva^lantti ACCRA-sur ;
Taivaljärvi:Taival^järvi ACCRA-plc ;
Taivalkoski:Taival^koski ACCRA-plc ;
Takamäki:Taka^mäki ACCRA-sur ;
Talvensaari:Talven^saari ACCRA-sur ;
Tammivuori:Tammi^vuori ACCRA-sur ;
Tandalai:Tandala DUBAI-fem ;
Tapei:Tape DUBAI-plc ;
Tarjei:Tarje DUBAI-mal ;
Teerimäki:Teeri^mäki ACCRA-sur ;
Tekoniemi:Teko^niemi ACCRA-sur ;
Tenohalli:Teno^halli ACCRA-org ;
Tervakoski:Terva^koski ACCRA-plc ;
Tervamäki:Terva^mäki ACCRA-sur ;
Tervaniemi:Terva^niemi ACCRA-plc ;
Tervasmäki:Tervas^mäki ACCRA-plc ;
Tikkakoski:Tikka^koski ACCRA-plc ;
Tikkamäki:Tikka^mäki ACCRA-plc ;
Tirroniemi:Tirro^niemi ACCRA-plc ;
Tiuraniemi:Tiura^niemi ACCRA-sur ;
Toivoniemi:Toivo^niemi ACCRA-sur ;
Tonkijärvi:Tonki^järvi ACCRA-plc ;
Tornikoski:Torni^koski ACCRA-plc ;
Toroi:Toro DUBAI-sur ;
Torvikoski:Tor^vi^koski ACCRA-sur ;
Toyohashi:To^yohashi ACCRA-plc ;
Transkei:Trans^ke DUBAI-plc ;
Tsinghai:Tsingha DUBAI-plc ;
Tsuolisjärvi:Tsuolis^järvi ACCRA-plc ;
Tuliniemi:Tuli^niemi ACCRA-plc ;
Tunturihotelli:Tunturi^hotelli ACCRA-obj ;
Tunturijärvi:Tunturi^järvi ACCRA-plc ;
Tuohimäki:Tuohi^mäki ACCRA-sur ;
Tuomikoski:Tuomi^koski ACCRA-sur ;
Tuominiemi:Tuomi^niemi ACCRA-sur ;
Tuoriniemi:Tuori^niemi ACCRA-sur ;
Tupamäki:Tupa^mäki ACCRA-sur ;
Tuulaniemi:Tuula^niemi ACCRA-sur ;
Törmikoski:Törmi^koski ACCRA-sur ;
Tøymskarli:Tøym^skar^li ACCRA-plc ;
Uikujärvi:Uiku^järvi ACCRA-plc ;
Ulkuniemi:Ulku^niemi ACCRA-plc ;
Utsjoki:Uts^joki ACCRA-LOAN-plc ;
Uusikapunki:Uusi^kapunki ACCRA-plc ;
Uusimäki:Uusi^mäki ACCRA-sur ;
Vaaraniemi:Vaara^niemi ACCRA-sur ;
Vainiomäki:Vainio^mäki ACCRA-sur ;
Valkealahti:Valkea^lahti ACCRA-plc ;
Valkeejärvi:Valkee^järvi ACCRA-plc ;
Valkjärvi:Valk^järvi ACCRA-plc ;
Vangsmjøsi:Vangs^mjøsi ACCRA-plc ;
Vanhamäki:Vanha^mäki ACCRA-plc ;
Vanttausjärvi:Vanttaus^järvi ACCRA-plc ;
Vapaavuori:Vapaa^vuori ACCRA-sur ;
Vapalahti:Vapa^lahti ACCRA-sur ;
Varkaanjärvi:Varkaan^järvi ACCRA-plc ;
Vaslui:Vaslu DUBAI-plc ;
Vassbygdi:Vass^bygdi ACCRA-plc ;
Vastamäki:Vasta^mäki ACCRA-sur ;
Veggli:Vegg^li ACCRA-plc ;
Vegårdshei:Vegårdshe DUBAI-plc ;
Vegårshei:Vegårshe DUBAI-plc ;
Vehkakoski:Vehka^koski ACCRA-plc ;
Vehkalahti:Vehka^lahti ACCRA-plc ;
Vehkamäki:Vehka^mäki ACCRA-sur ;
Vesamäki:Vesa^mäki ACCRA-plc ;
Vesterli:Vester^li ACCRA-plc ;
Vestli:Vest^li ACCRA-sur ;
Vieltojärvi:Vielto^järvi ACCRA-sur ;
Viherkoski:Viher^koski ACCRA-sur ;
Vihersaari:Viher^saari ACCRA-plc ;
Vihervuori:Viher^vuori ACCRA-sur ;
Viinamäki:Viina^mäki ACCRA-plc ;
Viitamäki:Viita^mäki ACCRA-sur ;
Viitaniemi:Viita^niemi ACCRA-sur ;
Viitasaari:Viita^saari ACCRA-plc ;
Virkajärvi:Virka^järvi ACCRA-sur ;
Virrankoski:Virran^koski ACCRA-sur ;
Vittaniemi:Vitta^niemi ACCRA-sur ;
Vuohtoniemi:Vuohto^niemi ACCRA-plc ;
Vuojärvi:Vuo^järvi ACCRA-plc ;
Vuomajoki:Vuoma^joki ACCRA-plc ;
Vuontisjärvi:Vuontis^järvi ACCRA-plc ;
Vuorijärvi:Vuori^järvi ACCRA-plc ;
Vuorikoski:Vuori^koski ACCRA-sur ;
Vähäkoski:Vähä^koski ACCRA-sur ;
Vähämäki:Vähä^mäki ACCRA-sur ;
Vähäsöyrinki:Vähä^söyrinki ACCRA-plc ;
Väliheikki:Väli^heikki ACCRA-sur ;
Välimäki:Väli^mäki ACCRA-sur ;
Välisaari:Väli^saari ACCRA-sur ;
Vääräniemi:Väärä^niemi ACCRA-sur ;
Vågsli:Vågs^li ACCRA-plc ;
Waddisjärvi:Waddis^järvi ACCRA-plc ;
Wai:Waj BERN-mal ;
Wei:We DUBAI-sur ;
Weihai:Weiha DUBAI-plc ;
Wuolijoki:Wuoli^joki ACCRA-sur ;
Yantai:Yanta DUBAI-plc ;
Ylijoki:Yli^joki ACCRA-sur ;
Ylikorpi:Yli^korpi ACCRA-sur ;
Ylikoski:Yli^koski ACCRA-sur ;
Ylilammi:Yli^lammi ACCRA-sur ;
Ylimäki:Yli^mäki ACCRA-sur ;
Yliniemi:Yli^niemi ACCRA-sur ;
Ylisaari:Yli^saari ACCRA-sur ;
Ylläsjärvi:Ylläs^järvi ACCRA-plc ;
Ylämäki:Ylä^mäki ACCRA-plc ;
Ylösmäki:Ylös^mäki ACCRA-sur ;
Youyi:You^yi ACCRA-plc ;
Yrjänheikki:Yrjän^heikki ACCRA-sur ;
Äkäsjärvi:Äkäs^järvi ACCRA-plc ;
Åsli:Ås^li ACCRA-fem ;
Översti:Över^sti ACCRA-sur ;
Øfsti:Øf^sti ACCRA-sur ;
Ørnhøi:Ørn^hø DUBAI-sur ;
Østli:Øst^li ACCRA-sur ;
Øverli:Øver^li ACCRA-sur ;

Aakenuspirtti ACCRA-plc ;
Aakenustunturi ACCRA-plc ;
Aatsinki ACCRA-sur ;
Abakaliki ACCRA-plc ;
Abdi ACCRA-plc ;
Abitibi ACCRA-plc ;
Abruzzi ACCRA-plc ;
Addi ACCRA-mal ;
Adjani ACCRA-sur ;
Agni ACCRA-fem ;
Ahti ACCRA-mal ;
Aili ACCRA-fem ;
Ainali ACCRA-plc ;
Akashi ACCRA-plc ;
Akeldamaki ACCRA-mal ;
Akureyri ACCRA-plc ;
Albani ACCRA-sur ;
Ali ACCRA-mal ;
Alppi ACCRA-sur ;
Amagasaki ACCRA-plc ;
Amalfi ACCRA-plc ;
Anacapri ACCRA-plc ;
Ann-Mari ACCRA-fem ;
Anne-Mari ACCRA-fem ;
Anneli ACCRA-fem ;
Anni ACCRA-fem ;
Annikki ACCRA-fem ;
Anteri ACCRA-mal ;
Anthi ACCRA-sur ;
Anti ACCRA-sur ;
Antoni ACCRA-mal ;
Antti ACCRA-mal ;
Appi ACCRA-plc ;
Arabi ACCRA-plc ;
Areli ACCRA-sur ;
Ari ACCRA-mal ;
Armani ACCRA-obj ;
Armi ACCRA-fem ;
Arni ACCRA-mal ;
Arnoldi ACCRA-sur ;
Arodi ACCRA-plc ;
Arvasli ACCRA-sur ;
Ashanti ACCRA-plc ;
Asilki ACCRA-sur ;
Assisi ACCRA-plc ;
Astri ACCRA-fem ;
Audi ACCRA-obj ;
Auli ACCRA-fem ;
Austsinni ACCRA-plc ;
Autti ACCRA-plc ;
Bagi ACCRA-mal ;
Bairiki ACCRA-plc ;
Bali ACCRA-plc ;
Ballari ACCRA-sur ;
Bandaksli ACCRA-plc ;
Bandolowski ACCRA-sur ;
Bandurdi ACCRA-plc ;
Baranoviči ACCRA-plc ;
Baraschi ACCRA-plc ;
Bari ACCRA-plc ;
Batumi ACCRA-plc ;
Beddari ACCRA-sur ;
Beldibi ACCRA-plc ;
Bellami ACCRA-sur ;
Ben-Ammi ACCRA-mal ;
Benghazi ACCRA-plc ;
Benoni ACCRA-sur ;
Benxi ACCRA-plc ;
Besseggi ACCRA-plc ;
Bibi ACCRA-fem ;
Bikini ACCRA-obj ;
Biti ACCRA-sur ;
Blili ACCRA-sur ;
Blondie ACCRA-ani ;
Boanni ACCRA-plc ;
Bonriki ACCRA-plc ;
Bordi ACCRA-sur ;
Borelli ACCRA-sur ;
Bragi ACCRA-sur ;
Brambani ACCRA-sur ;
Brimi ACCRA-sur ;
Brindisi ACCRA-plc ;
Bucuresti ACCRA-LOAN-plc ;
Bugatti ACCRA-obj ;
Bui ACCRA-plc ;
Burdenski ACCRA-plc ;
Burundi ACCRA-plc ;
Bæivi ACCRA-sur ;
Cali ACCRA-sur ;
Capri ACCRA-plc ;
Carlucci ACCRA-plc ;
Caspari ACCRA-sur ;
Cerruti ACCRA-plc ;
Cherrapunji ACCRA-plc ;
Chi ACCRA-plc ;
Christi ACCRA-plc ;
Cincinnati ACCRA-plc ;
Conni ACCRA-fem ;
Conradi ACCRA-sur ;
Cotopaxi ACCRA-plc ;
Dagali ACCRA-plc ;
Dali ACCRA-sur ;
Dehli ACCRA-sur ;
Delfi ACCRA-plc ;
Delhi ACCRA-plc ;
Delphi ACCRA-plc ;
Devi ACCRA-mal ;
Dhabi ACCRA-plc ;
Difi ACCRA-obj ;
Dili ACCRA-sur ;
Dimitri ACCRA-mal ;
Djibouti ACCRA-plc ;
Dordi ACCRA-fem ;
Dynjandi ACCRA-plc ;
Dæhli ACCRA-sur ;
Edrisi ACCRA-plc ;
Efini NYSTØ-obj ;
Egeli ACCRA-sur ;
Ehi ACCRA-plc ;
Eli ACCRA-fem ;
Elle-Katri ACCRA-fem ;
Elli ACCRA-fem ;
Elvi ACCRA-fem ;
Emi ACCRA-mal ;
Emmi ACCRA-fem ;
Energi ACCRA-org ;
Eregli ACCRA-plc ;
Eri ACCRA-plc ;
Erkki ACCRA-mal ;
Ervasti ACCRA-sur ;
Eurokas BERN-ani ;
Evenki ACCRA-org ;
Evesti ACCRA-sur ;
Fannaråki ACCRA-plc ;
Fellini ACCRA-sur ;
Fenris LONDON-ani ;
Ferrari ACCRA-obj ;
Fibonacci ACCRA-sur ;
Fiji ACCRA-plc ;
Filippi ACCRA-mal ;
Finni ACCRA-mal ;
Thuuri ACCRA-sur;
Firdausi ACCRA-plc ;
Firdusi ACCRA-plc ;
Flateyri ACCRA-plc ;
Foiniks LONDON-ani ;
Forli ACCRA-plc ;
Fougli ACCRA-sur ;
Franni ACCRA-fem ;
Frantsi ACCRA-sur ;
Frantti ACCRA-sur ;
Frascati ACCRA-plc ;
Fränti ACCRA-sur ;
Fugelli ACCRA-sur ;
Fuji ACCRA-plc ;
Funabashi ACCRA-plc ;
Funafuti ACCRA-plc ;
Føniks LONDON-ani ;
Gaddafi ACCRA-sur ;
Galati ACCRA-plc ;
Galleri ACCRA-plc ;
Gallipoli ACCRA-plc ;
Gandhi ACCRA-sur ;
Garlatti ACCRA-sur ;
Garli ACCRA-plc ;
Gashi ACCRA-plc ;
Gaski ACCRA-sur ;
Gavppi ACCRA-sur ;
Gemini ACCRA-mal ;
Gisli ACCRA-mal ;
Giste ACCRA-ani ;
Gjesti ACCRA-plc ;
Gobi ACCRA-plc ;
Gori ACCRA-plc ;
Gorkii HAWAII-plc ;
Grimaldi ACCRA-plc ;
Grini ACCRA-sur ;
Grønnli ACCRA-sur ;
Gucci ACCRA-org ;
Guilini ACCRA-sur ;
Gulli ACCRA-sur ;
Guni ACCRA-fem ;
Guri ACCRA-fem ;
Gurli ACCRA-plc ;
Haahti ACCRA-sur ;
Haggi ACCRA-plc ;
Haili ACCRA-sur ;
Haimi ACCRA-sur ;
Haiti ACCRA-plc ;
Hakuli ACCRA-sur ;
Halti ACCRA-org ;
Halvari ACCRA-sur ;
Hamari ACCRA-sur ;
Hammari ACCRA-sur ;
Hammurapi ACCRA-sur ;
Hanni ACCRA-fem ;
Hannukaisenlammi ACCRA-plc ;
Hanski ACCRA-sur ;
Harkki ACCRA-sur ;
Harri ACCRA-mal ;
Hassi ACCRA-sur ;
Haveri ACCRA-sur ;
Hawaii HAWAII-plc ;
Hayashi NYSTØ-obj ;
Heidi ACCRA-fem ;
Heikki ACCRA-mal ;
Heikkuri ACCRA-sur ;
Heini ACCRA-fem ;
Heiskari ACCRA-sur ;
Helgi ACCRA-mal ;
Helimski ACCRA-sur ;
Helmi ACCRA-fem ;
Helppi ACCRA-sur ;
Helsinki ACCRA-LOAN-plc ;
Helvi ACCRA-fem ;
Hemminki ACCRA-mal ;
Henri ACCRA-mal ;
Herlevi ACCRA-plc ;
Hesli ACCRA-plc ;
Hiiri ACCRA-sur ;
Hilli ACCRA-sur ;
Hippi ACCRA-sur ;
Hiroshi ACCRA-mal ;
Hirsti ACCRA-sur ;
Hirvaslahti ACCRA-plc ;
Hirvi ACCRA-sur ;
Hohtari ACCRA-sur ;
Hohti ACCRA-sur ;
Holli ACCRA-sur ;
Holmi ACCRA-fem ;
Holtari ACCRA-sur ;
Hooli ACCRA-sur ;
Hori ACCRA-plc ;
Hotti ACCRA-sur ;
Houni ACCRA-sur ;
Hovi ACCRA-sur ;
Huikari ACCRA-sur ;
Huikuri ACCRA-sur ;
Hukari ACCRA-sur ;
Huotari ACCRA-sur ;
Hupli ACCRA-sur ;
Hurri ACCRA-sur ;
Hursti ACCRA-sur ;
Hussi ACCRA-sur ;
Hutri ACCRA-sur ;
Huui BERN-LOAN-org ;
Huuki ACCRA-sur ;
Hveragerði ACCRA-plc ;
Hytti ACCRA-sur ;
Hyundai NYSTØ-obj ;
Hyväri ACCRA-sur ;
Hyökki ACCRA-sur ;
Häkli ACCRA-sur ;
Hömppi ACCRA-sur ;
Høgli ACCRA-sur ;
Iasi ACCRA-plc ;
Ifni ACCRA-plc ;
Iinatti ACCRA-sur ;
Iisakki ACCRA-mal ;
Iisko-Hemminki ACCRA-mal ;
Iisko-Matti ACCRA-mal ;
Iitti ACCRA-plc ;
Iivari ACCRA-sur ;
Ilgji ACCRA-org ;
Ili ACCRA-fem ;
Illi ACCRA-sur ;
Illimani ACCRA-plc ;
Ilmari ACCRA-mal ;
Ilmasti ACCRA-sur ;
Inari ACCRA-LOAN-plc ;
Infiniti NYSTØ-obj ;
Ingri ACCRA-fem ;
Inguri ACCRA-plc ;
Ingólfshöfði ACCRA-plc ;
Inkeri ACCRA-fem ;
Inki ACCRA-sur ;
Iwaki ACCRA-plc ;
Izanagi ACCRA-plc ;
Izanami ACCRA-fem ;
Jalli ACCRA-sur ;
Janni ACCRA-fem ;
Jari ACCRA-mal ;
Jaskari ACCRA-sur ;
Jelti ACCRA-sur ;
Jimmi ACCRA-mal ;
Johanni ACCRA-mal ;
Jokeri ACCRA-ani ;
Joki ACCRA-sur ;
Joni ACCRA-mal ;
Jouhki ACCRA-sur ;
Jouni ACCRA-mal ;
Jouppi ACCRA-sur ;
Jousi ACCRA-sur ;
Joutsi ACCRA-sur ;
Juhani ACCRA-mal ;
Juni ACCRA-fem ;
Junkkari ACCRA-sur ;
Junni ACCRA-sur ;
Juntti ACCRA-sur ;
Juoperi ACCRA-sur ;
Juopperi ACCRA-sur ;
Juppi ACCRA-sur ;
Jurri ACCRA-mal ;
Jussi ACCRA-mal ;
Juusti ACCRA-sur ;
Juuti ACCRA-sur ;
Jylli ACCRA-sur ;
Jylänki ACCRA-sur ;
Jyri ACCRA-mal ;
Jyrinki ACCRA-plc ;
Jyrki ACCRA-mal ;
Jäntti ACCRA-sur ;
Järvi ACCRA-sur ;
Kaali ACCRA-mal ;
Kaari ACCRA-fem ;
Kaattari ACCRA-sur ;
Kaci ACCRA-fem ;
Kadhafi ACCRA-sur ;
Kahri ACCRA-sur ;
Kainlauri ACCRA-sur ;
Kakkuri ACCRA-sur ;
Kalahari ACCRA-plc ;
Kalevi ACCRA-mal ;
Kali ACCRA-sur ;
Kalleli ACCRA-sur ;
Kalli ACCRA-sur ;
Kallunki ACCRA-sur ;
Kalmari ACCRA-sur ;
Kalmi ACCRA-sur ;
Kamppi ACCRA-plc ;
Kamppuri ACCRA-sur ;
Karachi ACCRA-plc ;
Karasti ACCRA-sur ;
Kari ACCRA-malfem ;
Karmi ACCRA-plc ;
Karppi ACCRA-sur ;
Kasari ACCRA-sur ;
Kashgi ACCRA-plc ;
Kaski ACCRA-sur ;
Kastari ACCRA-sur ;
Kastelli ACCRA-sur ;
Kati ACCRA-fem ;
Katri ACCRA-fem ;
Kauppi ACCRA-sur ;
Kavli ACCRA-sur ;
Kawasaki ACCRA-org ;
Kayseri ACCRA-sur ;
Keimiöniemi ACCRA-plc ;
Keimiötunturi ACCRA-plc ;
Keiski ACCRA-sur ;
Keituri ACCRA-sur ;
Kekki ACCRA-sur ;
Kellostapuli ACCRA-plc ;
Kemi ACCRA-LOAN-plc ;
Kemppi ACCRA-sur ;
Kerberos BERN-ani ;
Kerässieppi ACCRA-plc ;
Kesseli ACCRA-sur ;
Kesti ACCRA-sur ;
Kesälaki ACCRA-plc ;
Kesänkitunturi ACCRA-plc ;
Ketty ACCRA-ani ;
Khafji ACCRA-plc ;
Khatami ACCRA-sur ;
Khomeini ACCRA-sur ;
Kiesi ACCRA-plc ;
Kigali ACCRA-plc ;
Kiikeri ACCRA-sur ;
Kiili ACCRA-sur ;
Kiiski ACCRA-sur ;
Kiiveri ACCRA-sur ;
Kikki ACCRA-fem ;
Kildesli ACCRA-plc ;
Kilkki ACCRA-sur ;
Killi ACCRA-sur ;
Kilpi ACCRA-sur ;
Kimari ACCRA-sur ;
Kiminki ACCRA-plc ;
Kinnari ACCRA-sur ;
Kinni ACCRA-sur ;
Kiri ACCRA-plc ;
Kiribati ACCRA-plc ;
Kiritimati ACCRA-plc ;
Kirkeli ACCRA-sur ;
Kirsi ACCRA-fem ;
Kirsti ACCRA-fem ;
Kisangani ACCRA-plc ;
Kitti ACCRA-sur ;
Kivi ACCRA-sur ;
Kiwi ACCRA-org ;
Kjersti ACCRA-fem ;
Klami ACCRA-sur ;
Klemetti ACCRA-mal ;
Kllokoqi ACCRA-sur ;
Knaapi ACCRA-sur ;
Knuuti ACCRA-sur ;
Kobbi ACCRA-plc ;
Kofi ACCRA-mal ;
Kokki ACCRA-sur ;
Kolari ACCRA-plc ;
Koli ACCRA-plc ;
Kolmentunturi ACCRA-plc ;
Kolsi ACCRA-sur ;
Kolwezi ACCRA-plc ;
Komi ACCRA-plc ;
Komorowski ACCRA-sur ;
Komsi ACCRA-sur ;
Komssi ACCRA-sur ;
Kon-Tiki ACCRA-org ;
Konsti ACCRA-sur ;
Kontturi ACCRA-sur ;
Korpi ACCRA-sur ;
Korppi ACCRA-sur ;
Korri ACCRA-sur ;
Koski ACCRA-sur ;
Kotti ACCRA-sur ;
Kouki ACCRA-sur ;
Koukkari ACCRA-sur ;
Kouri ACCRA-sur ;
Krasniqi ACCRA-plc ;
Kreivi ACCRA-sur ;
Kristi ACCRA-fem ;
Krooka-Verneri ACCRA-mal ;
Krouvi ACCRA-sur ;
Kuiri ACCRA-sur ;
Kukastunturi ACCRA-plc ;
Kukkohovi ACCRA-sur ;
Kulppi ACCRA-sur ;
Kultti ACCRA-sur ;
Kumari ACCRA-sur ;
Kumasi ACCRA-plc ;
Kunnari ACCRA-sur ;
Kuntsi ACCRA-sur ;
Kuortti ACCRA-sur ;
Kupari ACCRA-sur ;
Kurki ACCRA-sur ;
Kurri ACCRA-sur ;
Kurthi ACCRA-sur ;
Kurtti ACCRA-sur ;
Kurvi ACCRA-sur ;
Kusadasi ACCRA-plc ;
Kustannus-Puntsi ACCRA-plc ;
Kuusi ACCRA-sur ;
Kuutti ACCRA-sur ;
Kviteggi ACCRA-plc ;
Kykyri ACCRA-plc ;
Kylli ACCRA-sur ;
Kyösti ACCRA-mal ;
Kyötikki ACCRA-sur ;
Kähäri ACCRA-sur ;
Käki ACCRA-sur ;
Källi ACCRA-sur ;
Kämppi ACCRA-sur ;
Kämäri ACCRA-sur ;
Käppi ACCRA-sur ;
Kärki ACCRA-sur ;
Kätkätunturi ACCRA-plc ;
Kölhi ACCRA-sur ;
Kömi ACCRA-sur ;
Kössi ACCRA-sur ;
Laanti ACCRA-sur ;
Laapotti ACCRA-sur ;
Laari ACCRA-sur ;
Lahti ACCRA-plc ;
Lainiotunturi ACCRA-plc ;
Laisi ACCRA-plc ;
Laiti ACCRA-sur ;
Laki ACCRA-plc ;
Lakshmi ACCRA-fem ;
Lalli ACCRA-mal ;
Lammi ACCRA-plc ;
Lampi ACCRA-sur ;
Lanki ACCRA-sur ;
Laozi ACCRA-plc ;
Lappi ACCRA-plc ;
Lassi ACCRA-mal ;
Lauri ACCRA-mal ;
Lavi ACCRA-sur ;
Lehti ACCRA-sur ;
Leisti ACCRA-sur ;
Lemmetti ACCRA-sur ;
Lenkkeri ACCRA-sur ;
Levi ACCRA-plc ;
Levy ACCRA-ani ;
Liehuri ACCRA-sur ;
Lieppi ACCRA-sur ;
Liiri ACCRA-sur ;
Likasi ACCRA-plc ;
Lilli ACCRA-sur ;
Lindi ACCRA-sur ;
Linn-Mari ACCRA-fem ;
Lipasti ACCRA-sur ;
Lisa-Mari ACCRA-fem ;
Liski ACCRA-sur ;
Litani ACCRA-plc ;
Littbarski ACCRA-plc ;
Liuski ACCRA-sur ;
Lohi ACCRA-sur ;
Loisi ACCRA-fem ;
Lommi ACCRA-org ;
Lommoltunturi ACCRA-plc ;
Lopperi ACCRA-sur ;
Loppi ACCRA-plc ;
Louhi ACCRA-fem ;
Lubumbashi ACCRA-plc ;
Lucky ACCRA-ani ;
Lukkari ACCRA-sur ;
Lunki ACCRA-sur ;
Luomi ACCRA-sur ;
Luostari ACCRA-sur ;
Luoti ACCRA-sur ;
Luumi ACCRA-sur ;
Luuri ACCRA-sur ;
Lätti ACCRA-sur ;
Lääperi ACCRA-sur ;
Lääti ACCRA-sur ;
Lääveri ACCRA-sur ;
Lønahorgi ACCRA-plc ;
Maaki ACCRA-fem ;
Magdi ACCRA-mal ;
Maggi ACCRA-fem ;
Magni ACCRA-fem ;
Mahaweli ACCRA-sur ;
Maiduguri ACCRA-plc ;
Maiti ACCRA-mal ;
Makurdi ACCRA-plc ;
Malaki ACCRA-plc ;
Malawi ACCRA-plc ;
Mali ACCRA-plc ;
Malkki ACCRA-sur ;
Malmi ACCRA-plc ;
Manchouli ACCRA-plc ;
Mangi ACCRA-sur ;
Mankki ACCRA-sur ;
Manni ACCRA-sur ;
Manzhouli ACCRA-plc ;
Mari ACCRA-fem ;
Maroni ACCRA-sur ;
Martti ACCRA-mal ;
Masi ACCRA-mal ;
Masudi ACCRA-sur ;
Matadi ACCRA-sur ;
Mati ACCRA-mal ;
Matti ACCRA-mal ;
Maui ACCRA-plc ;
Mauri ACCRA-mal ;
Medici ACCRA-sur ;
Mehidi ACCRA-sur ;
Meli ACCRA-sur ;
Melki ACCRA-sur ;
Melodi ACCRA-org ;Melodi Grand9 Prix
Mengzi ACCRA-plc ;
Mentzoni ACCRA-sur ;
Merari ACCRA-sur ;
Meri ACCRA-sur ;also fem
Mesnali ACCRA-plc ;
Mexicali ACCRA-plc ;
Miikki ACCRA-sur ;
Mikkeli ACCRA-plc ;
Mildri ACCRA-fem ;
Mimi ACCRA-fem ;
Mimmi ACCRA-fem ;
Minelli ACCRA-sur ;
Mini ACCRA-obj ;
Mirnyi ACCRA-plc ;
Mississippi ACCRA-plc ;
Missouri ACCRA-plc ;
Mitsubishi ACCRA-obj ;
Mitzi ACCRA-plc ;
Moddi ACCRA-mal ;
Moloslaki ACCRA-plc ;
Montelli ACCRA-plc ;
Montesorri ACCRA-sur ;
Morceli ACCRA-sur ;
Moroni ACCRA-sur ;
Mosli ACCRA-sur ;
Mufi BERN-org ;
Muhli ACCRA-sur ;
Muittari ACCRA-sur ;
Mulari ACCRA-sur ;
Mulli ACCRA-sur ;
Multi ACCRA-obj ;
Mumi ACCRA-ani ;
Mummi ACCRA-ani ;
Muni ACCRA-fem ;
Munkki ACCRA-sur ;
Muri ACCRA-sur ;
Muuri ACCRA-sur ;
Muusanlampi ACCRA-plc ;
Mwangi ACCRA-sur ;
Mylläri ACCRA-sur ;
Myntti ACCRA-sur ;
Mäki ACCRA-sur ;
Mälkki ACCRA-sur ;
Mämmi ACCRA-sur ;
Mänttäri ACCRA-sur ;
Mässeli ACCRA-sur ;
Mölläri ACCRA-sur ;
Naftali ACCRA-mal ;
Naftali ACCRA-plc ;
Nagasaki ACCRA-plc ;
Nahkuri ACCRA-sur ;
Nairobi ACCRA-plc ;
Nakari ACCRA-sur ;
Nalli ACCRA-sur ;
Napari ACCRA-sur ;
Napoli ACCRA-plc ;
Narukami ACCRA-obj ;
Naskali ACCRA-sur ;
Naski ACCRA-sur ;
Natri ACCRA-sur ;
Negeri ACCRA-plc ;
Nemi ACCRA-fem ;
Neri ACCRA-mal ;
Nestori ACCRA-mal ;
Niemi ACCRA-sur ;
Nikkari ACCRA-sur ;
Nikki ACCRA-org ;
Nikupeteri ACCRA-sur ;
Nilppi ACCRA-mal ;
Ninni ACCRA-fem ;
Nissi ACCRA-sur ;
Niterói ACCRA-plc ;
Nolvi ACCRA-sur ;
Nonni ACCRA-sur ;
Nordsinni ACCRA-plc ;
Novi ACCRA-plc ;
Nukari ACCRA-sur ;
Nummi ACCRA-sur ;
Nurmi ACCRA-sur ;
Nutti ACCRA-sur ;
Nykyri ACCRA-plc ;
Näkki ACCRA-sur ;
Näppi ACCRA-sur ;
Närhi ACCRA-sur ;
Näsi ACCRA-sur ;
Nätynki ACCRA-sur ;
Näveri ACCRA-sur ;
Näykki ACCRA-sur ;
Oikari ACCRA-sur ;
Oki ACCRA-plc ;
Olavi ACCRA-mal ;
Olivetti ACCRA-org ;
Olli ACCRA-sur ;
Onni ACCRA-fem ;
Orti ACCRA-sur ;
Ossi ACCRA-mal ;
Outi ACCRA-fem ;
Paakkari ACCRA-sur ;
Paakki ACCRA-sur ;
Paasi ACCRA-sur ;
Paasikivi ACCRA-sur ;
Pahlavi ACCRA-plc ;
Paldiski ACCRA-plc ;
Pallari ACCRA-sur ;
Palmi ACCRA-plc ;
Panaggi ACCRA-sur ;
Pareli ACCRA-sur ;
Parkkali ACCRA-sur ;
Parkkari ACCRA-sur ;
Parsli ACCRA-plc ;
Partti ACCRA-sur ;
Pasi ACCRA-mal ;
Paski ACCRA-sur ;
Passi ACCRA-sur ;
Pasuri ACCRA-sur ;
Patteri ACCRA-sur ;
Paukkeri ACCRA-sur ;
Pauli ACCRA-mal ;
Pavarotti ACCRA-sur ;
Pegasos BERN-ani ;
Pegasus BERN-ani ;
Pehlevi ACCRA-plc ;
Pekki ACCRA-sur ;
Pekuri ACCRA-sur ;
Pelkosenniemi ACCRA-plc ;
Pelli ACCRA-sur ;
Pelttari ACCRA-sur ;
Peni ACCRA-mal ;
Penki ACCRA-sur ;
Penkkari ACCRA-obj ;
Pentti ACCRA-mal ;
Peri ACCRA-sur ;
Pertti ACCRA-mal ;
Pessi ACCRA-sur ;
Peteri ACCRA-sur ;
Petri ACCRA-mal ;
Petteri ACCRA-mal ;
Peuhkuri ACCRA-sur ;
Piekkari ACCRA-sur ;
Pieski ACCRA-sur ;
Piikki ACCRA-sur ;
Piili ACCRA-sur ;
Piipari ACCRA-sur ;
Pilli ACCRA-sur ;
Pilvi ACCRA-fem ;
Pingi ACCRA-sur ;
Pippi ACCRA-fem ;
Pippuri ACCRA-sur ;
Piri ACCRA-sur ;
Pokki ACCRA-sur ;
Pollari ACCRA-sur ;
Polvi ACCRA-sur ;
Pomeranssi ACCRA-ani ;
Pompeii HAWAII-plc ;
Porali ACCRA-plc ;
Pori ACCRA-plc ;
Porri ACCRA-sur ;
Portti ACCRA-sur ;
Porvali ACCRA-sur ;
Posti ACCRA-sur ;
Poti ACCRA-sur ;
Pousi ACCRA-sur ;
Proksi ACCRA-sur ;
Prusi ACCRA-sur ;
Prusti ACCRA-sur ;
Pukari ACCRA-sur ;
Pukki ACCRA-sur ;
Pulkki ACCRA-sur ;
Pulli ACCRA-sur ;
Punkari ACCRA-sur ;
Puntti ACCRA-sur ;
Puonti ACCRA-sur ;
Puoskari ACCRA-sur ;
Puputti ACCRA-sur ;
Putkuri ACCRA-sur ;
Puustelli ACCRA-sur ;
Pyhäjoki ACCRA-plc ;
Pyhätunturi ACCRA-plc ;
Pynttäri ACCRA-sur ;
Pyökäri ACCRA-sur ;
Päivi ACCRA-fem ;
Päkki ACCRA-sur ;
Pälli ACCRA-sur ;
Pälvi ACCRA-fem ;
Pätsi ACCRA-sur ;
Pätäri ACCRA-sur ;
Päärni ACCRA-sur ;
Pölkki ACCRA-sur ;
Pönni ACCRA-sur ;
Pöri ACCRA-sur ;
Pörsti ACCRA-sur ;
Pöyhtäri ACCRA-sur ;
Pöysti ACCRA-sur ;
Qadhafi ACCRA-sur ;
Querini ACCRA-sur ;
Rabbi ACCRA-sur ;
Rabbuni ACCRA-sur ;
Ragazzi ACCRA-sur ;
Ragni ACCRA-fem ;
Raiski ACCRA-sur ;
Ranchi ACCRA-plc ;
Randi ACCRA-fem ;
Ranki ACCRA-sur ;
Rantsi ACCRA-sur ;
Rapanui ACCRA-plc ;
Rapatti ACCRA-sur ;
Rapeli ACCRA-sur ;
Rasi ACCRA-sur ;
Raski ACCRA-sur ;
Rauni ACCRA-fem ;
Raussi ACCRA-sur ;
Ravantti ACCRA-sur ;
Ravi ACCRA-plc ;
Rawalpindi ACCRA-plc ;
Reini ACCRA-fem ;
Remi ACCRA-mal ;
Reni ACCRA-fem ;
Rex BERN-ani ;
Riekki ACCRA-sur ;
Riesti ACCRA-org ;
Rifstangi ACCRA-plc ;
Riipi ACCRA-sur ;
Riippi ACCRA-sur ;
Rimi ACCRA-org ; !Or obj? It's a shop, a very bad shop
Rimini ACCRA-plc ;
Rimmi ACCRA-sur ;
Rimpi ACCRA-sur ;
Ripatti ACCRA-sur ;
Riski ACCRA-sur ;
Ritari ACCRA-sur ;
Ronni ACCRA-mal ;
Rontti ACCRA-sur ;
Rossi ACCRA-sur ;
Rosti ACCRA-sur ;
Roti ACCRA-plc ;
Rottini ACCRA-sur ;
Rouvali ACCRA-sur ;
Rouvari ACCRA-sur ;
Rudi ACCRA-sur ;
Rui ACCRA-plc ;
Rukatunturi ACCRA-plc ;
Runtti ACCRA-sur ;
Ruotsi ACCRA-sur ;
Rusi ACCRA-sur ;
Ruti ACCRA-plc ;
Ruwenzori ACCRA-plc ;
Rytinki ACCRA-sur ;
Rännäli ACCRA-sur ;
Römpötti ACCRA-sur ;
Rönni ACCRA-sur ;
Saadi ACCRA-sur ;
Saalasti ACCRA-sur ;
Saami ACCRA-plc ;
Saanti ACCRA-sur ;
Saapunki ACCRA-sur ;
Saari ACCRA-sur ;
Saarni ACCRA-sur ;
Sahari ACCRA-sur ;
Sahi ACCRA-plc ;
Sahrawi ACCRA-plc ;
Sakari ACCRA-mal ;
Sakki ACCRA-sur ;
Saksi ACCRA-sur ;
Salakari ACCRA-sur ;
Salli ACCRA-sur ;
Salmi ACCRA-sur ;
Saloniki ACCRA-plc ;
Samuli ACCRA-mal ;
Sankari ACCRA-sur ;
Sanni ACCRA-fem ;
Sarai NYSTØ-femsur ;
Sari ACCRA-fem ;
Sarkki ACCRA-sur ;
Sarvi ACCRA-sur ;
Sassari ACCRA-sur ;
Sassi ACCRA-sur ;
Sauli ACCRA-mal ;
Savaii HAWAII-plc ;
Saxi ACCRA-sur ;
Scutari ACCRA-sur ;
Sekondi-Takoradi ACCRA-sur ;
Semi ACCRA-plc ;
Seppi ACCRA-sur ;
Serengeti ACCRA-plc ;
Seri ACCRA-plc ;
Shaanxi ACCRA-plc ;
Shannxi NYSTØ-obj ;
Shansi ACCRA-plc ;
Shanti ACCRA-mal ;
Shanxi ACCRA-plc ;
Shashi ACCRA-plc ;
Shensi ACCRA-plc ;
Siekkeli ACCRA-sur ;
Sieppi ACCRA-sur ;
Siili ACCRA-sur ;
Siiri ACCRA-fem ;
Siitari ACCRA-sur ;
Silvasti ACCRA-sur ;
Simi ACCRA-org ;
Sinai ACCRA-plc ;
Siosjoki ACCRA-plc ;
Sipari ACCRA-sur ;
Sipi ACCRA-sur ;
Sireeni ACCRA-sur ;
Siri ACCRA-fem ;
Sivi ACCRA-fem ;
Skaffari ACCRA-sur ;
Skari ACCRA-sur ;
Ski ACCRA-plc ;
Skinnari ACCRA-sur ;
Skippari ACCRA-sur ;
Skjálfandi ACCRA-plc ;
Skudi ACCRA-ani ;
Soikkeli ACCRA-sur ;
Soini ACCRA-mal ;
Sokki ACCRA-sur ;
Solti ACCRA-sur ;
Sombbi ACCRA-plc ;
Somppi ACCRA-sur ;
Sonni ACCRA-mal ;
Soppi ACCRA-plc ;
Sorri ACCRA-sur ;
Sorvali ACCRA-sur ;
Sorvari ACCRA-sur ;
Sri ACCRA-plc ;
Stadio% Mario% Rigamonti ACCRA-obj ;
Staliniri ACCRA-plc ;
Strozzi ACCRA-plc ;
Styri ACCRA-plc ;
Sui ACCRA-plc ;
Suikkari ACCRA-sur ;
Suikki ACCRA-sur ;
Sukhumi ACCRA-plc ;
Suksi ACCRA-plc ;
Sulawesi ACCRA-plc ;
Sungari ACCRA-plc ;
Suni ACCRA-sur ;
Sunnari ACCRA-sur ;
Suoknuuti ACCRA-sur ;
Suomi ACCRA-sur ;
Suonvieri ACCRA-sur ;
Suopanki ACCRA-org ;
Suortti ACCRA-sur ;
Supperi ACCRA-sur ;
Susi ACCRA-sur ;
Suurnäkki ACCRA-sur ;
Suutari ACCRA-sur ;
Suvi ACCRA-fem ;
Suzuki ACCRA-obj ;
Svensli ACCRA-sur ;
Svonni ACCRA-sur ;
Sylvi ACCRA-fem ;
Syri ACCRA-plc ;
Sämpi ACCRA-sur ;
Säntti ACCRA-sur ;
Säteri ACCRA-plc ;
Sääski ACCRA-sur ;
Særvi ACCRA-org ;
Sølvi ACCRA-fem ;
Taari ACCRA-sur ;
Tahiti ACCRA-plc ;
Taimi ACCRA-fem ;
Takasaki ACCRA-plc ;
Takatsuki ACCRA-plc ;
Takoradi ACCRA-sur ;
Tali ACCRA-plc ;
Talsi ACCRA-sur ;
Tammi ACCRA-sur ;
Tamsi ACCRA-sur ;
Taneli ACCRA-mal ;
Taneli-Iisakki ACCRA-mal ;
Tani ACCRA-sur ;
Tanni ACCRA-sur ;
Tanttari ACCRA-sur ;
Tapani ACCRA-mal ;
Tappuri ACCRA-plc ;
Tattari ACCRA-sur ;
Tauli ACCRA-sur ;
Taurus LONDON-ani ;
Tavasti ACCRA-sur ;
Tavi ACCRA-sur ;
Tbilisi ACCRA-plc ;
Tecuci ACCRA-sur ;
Teikari ACCRA-sur ;
Teperi ACCRA-sur ;
Tertti ACCRA-sur ;
Tessaloniki ACCRA-plc ;
Tetri ACCRA-sur ;
Thessaloniki ACCRA-plc ;
Tienari ACCRA-sur ;
Tiili ACCRA-sur ;
Tilli ACCRA-sur ;
Timperi ACCRA-sur ;
Tiri ACCRA-sur ;
Tirri ACCRA-sur ;
Tissari ACCRA-sur ;
Tofferi ACCRA-sur ;
Toini ACCRA-fem ;
Toivari ACCRA-sur ;
Toljatti ACCRA-plc ;
Tolkki ACCRA-sur ;
Tolppi ACCRA-sur ;
Tomi ACCRA-mal ;
Tommi ACCRA-mal ;
Tomperi ACCRA-sur ;
Tompuri ACCRA-sur ;
Toni ACCRA-mal ;
Tonteri ACCRA-sur ;
Tontti ACCRA-sur ;
Toppari ACCRA-sur ;
Toppi ACCRA-plc ;
Torassieppi ACCRA-plc ;
Tori ACCRA-fem ;
Torkkeli ACCRA-sur ;
Torni ACCRA-sur ;
Torri ACCRA-sur ;
Torsti ACCRA-mal ;
Tortenli ACCRA-sur ;
Torvi ACCRA-sur ;
Tottori ACCRA-plc ;
Trapani ACCRA-plc ;
Trasti ACCRA-sur ;
Tripoli ACCRA-plc ;
Tryti ACCRA-sur ;
Tschudi ACCRA-sur ;
Tskhinvali ACCRA-plc ;
Tsunyi ACCRA-plc ;
Tuddi ACCRA-mal ;
Tulkki ACCRA-sur ;
Tulokas BERN-ani ;
Tunkkari ACCRA-sur ;
Tunturi ACCRA-plc ;
Tuomi ACCRA-sur ;
Tuori ACCRA-sur ;
Turi ACCRA-femsur ;
Turkki ACCRA-sur ;
Tuuli ACCRA-fem ;
Tuuri ACCRA-plc ;
Tuutti ACCRA-sur ;
Tylli ACCRA-sur ;
Tyrmi ACCRA-sur ;
Tytti ACCRA-fem ;
Tähti ACCRA-sur ;
Tölli ACCRA-sur ;
Törmi ACCRA-sur ;
Tøsti ACCRA-mal ;
Ubangi ACCRA-plc ;
Uji ACCRA-plc ;
Ultra ACCRA-ani ;
Unkuri ACCRA-sur ;
Unni ACCRA-fem ;
Uoti ACCRA-sur ;
Uri ACCRA-sur ;
Urumchi ACCRA-plc ;
Uskali ACCRA-plc ;
Uski ACCRA-sur ;
Ussuri ACCRA-plc ;
Utsi ACCRA-sur ;
Utti ACCRA-plc ;
Vaari ACCRA-sur ;
Vakkari ACCRA-sur ;
Vakkuri ACCRA-sur ;
Valeri ACCRA-mal ;
Valli ACCRA-sur ;
Valtari ACCRA-sur ;
Varanasi ACCRA-plc ;
Varsi ACCRA-sur ;
Varsinais-Suomi ACCRA-plc ;
Vasankari ACCRA-sur ;
Vavuli ACCRA-sur ;
Veini ACCRA-fem ;
Vekkeli ACCRA-sur ;
Vekki ACCRA-sur ;
Veli ACCRA-mal ;
Verneri ACCRA-mal ;
Vespucci ACCRA-org ;
Veteli ACCRA-sur ;
Vieri ACCRA-sur ;
Viikari ACCRA-sur ;
Viikki ACCRA-plc ; ! Can be both plc and9 sur
Viiperi ACCRA-sur ;
Viiri ACCRA-sur ;
Viiru ACCRA-ani ;
Vikki ACCRA-sur ;
Vilkki ACCRA-sur ;
Villani ACCRA-sur ;
Vilmi ACCRA-sur ;
Vimpari ACCRA-sur ;
Vinci ACCRA-sur ;
Vinnari ACCRA-sur ;
Vinni ACCRA-sur ;
Virkki ACCRA-sur ;
Virpi ACCRA-fem ;
Viskari ACCRA-sur ;
Visti ACCRA-sur ;
Visuri ACCRA-sur ;
Viti ACCRA-plc ;
Vittangi ACCRA-LOAN-plc ;
Vivi ACCRA-fem ;
Vivvi ACCRA-fem ;
Vulli ACCRA-sur ;
Vuolli ACCRA-sur ;
Vuontispirtti ACCRA-plc ;
Vuori ACCRA-sur ;
Vuoti ACCRA-sur ;
Vänni ACCRA-sur ;
Väntsi ACCRA-sur ;
Värri ACCRA-sur ;
Waikiki ACCRA-plc ;
Waitangi ACCRA-plc ;
Wangari ACCRA-fem ;
Wohti ACCRA-sur ;
Wulumuqi ACCRA-plc ;
Wuxi ACCRA-plc ;
Yakutksii HAWAII-sur ;
Yerboli ACCRA-org ;
Yeti ACCRA-obj ;
Yippi ACCRA-ani ;
Yllästunturi ACCRA-plc ;
Yokkaichi ACCRA-plc ;
Yothu% Yindi ACCRA-org ;
Zambezi ACCRA-plc ;
Zanussi ACCRA-obj ;
Zoubari ACCRA-sur ;
Zunyi ACCRA-plc ;
Zwingli ACCRA-sur ;
Ähtäri ACCRA-plc ;
Äkäs-Kuerjoki ACCRA-plc ;
Äkäsjoki ACCRA-plc ;
Ääri ACCRA-sur ;
Öræfi ACCRA-plc ;
Einari ACCRA-mal ;
Lathari ACCRA-plc ;

